actual,proposed
0.0,0.0
0.0,0.0
0.0,0.0
0.0,0.0
0.0,0.0
0.0,0.0
0.0,0.0
0.0,0.0
0.0,0.0
0.0,0.0
0.0,0.0
0.0,0.0
0.0,0.0
0.0,0.0
0.0,0.0
0.0,0.0
0.0,0.0
0.0,0.0
0.0,0.0
0.0,0.0
0.0,0.0
0.0,0.0
0.0,0.0
0.0,0.0
0.0,0.0
0.0,0.0
0.0,0.0
0.0,0.0
0.0,0.0
0.0,0.0
0.0,0.0
0.0,0.0
0.0,0.0
0.0,0.0
0.0,0.0
0.0,0.0
0.0,0.0
0.0,0.0
0.0,0.0
0.0,0.0
188.84799194335938,0.0
205.9004364013672,0.0
219.5424041748047,0.0
236.59483337402344,0.0
250.2367401123047,0.0
263.87872314453125,0.0
277.5206298828125,0.0
291.16259765625,0.0
301.39404296875,0.0
304.80450439453125,0.0
301.39404296875,0.0
301.39404296875,0.0
301.39404296875,0.0
301.39404296875,0.0
301.39404296875,0.0
297.9835205078125,0.0
297.9835205078125,0.0
294.57305908203125,3.8416073322296143
287.7520751953125,7.554550647735596
284.34161376953125,11.078930854797363
274.11016845703125,14.330485343933105
263.87872314453125,17.3197078704834
0.0,20.056684494018555
0.0,0.0
0.0,0.0
0.0,0.0
0.0,0.0
0.0,0.0
0.0,0.0
0.0,0.0
0.0,0.0
0.0,0.0
0.0,0.0
0.0,0.0
0.0,0.0
0.0,0.0
0.0,0.0
0.0,0.0
0.0,0.0
0.0,0.0
0.0,0.0
0.0,0.0
0.0,0.0
0.0,0.0
0.0,0.0
0.0,0.0
0.0,0.0
0.0,0.0
0.0,0.0
0.0,0.0
0.0,0.0
0.0,0.0
0.0,0.0
0.0,0.0
0.0,0.0
0.0,0.0
0.0,0.0
0.0,0.0
0.0,0.0
0.0,0.0
0.0,0.0
0.0,0.0
0.0,0.0
0.0,0.0
0.0,0.0
0.0,0.0
0.0,0.0
193.2340545654297,0.0
237.5703582763672,0.0
268.26470947265625,0.0
295.54864501953125,0.0
322.83245849609375,0.0
346.70587158203125,0.0
370.5793151855469,0.0
394.4527282714844,0.0
404.6841735839844,0.0
408.0946960449219,0.0
418.3261413574219,5.503509521484375
435.3785095214844,11.133200645446777
438.7890319824219,16.59212303161621
442.1995544433594,21.886844635009766
452.4309997558594,27.115196228027344
459.2519226074219,32.233970642089844
469.4833679199219,37.29314422607422
472.8938903808594,42.2034912109375
469.4833679199219,46.87921905517578
466.0728454589844,51.32935333251953
0.0,0.0
0.0,0.0
0.0,0.0
0.0,0.0
0.0,0.0
0.0,0.0
0.0,0.0
0.0,0.0
0.0,0.0
0.0,0.0
0.0,0.0
0.0,0.0
0.0,0.0
0.0,0.0
0.0,0.0
0.0,0.0
0.0,0.0
0.0,0.0
0.0,0.0
0.0,0.0
0.0,0.0
0.0,0.0
0.0,0.0
0.0,0.0
0.0,0.0
0.0,0.0
0.0,0.0
0.0,0.0
0.0,0.0
0.0,0.0
0.0,0.0
0.0,0.0
0.0,0.0
0.0,0.0
0.0,0.0
0.0,0.0
0.0,0.0
0.0,0.0
0.0,0.0
0.0,0.0
0.0,0.0
0.0,0.0
0.0,0.0
0.0,0.0
0.0,0.0
0.0,0.0
0.0,0.0
0.0,0.0
0.0,0.0
0.0,0.0
0.0,0.0
0.0,0.0
0.0,0.0
0.0,0.0
0.0,0.0
0.0,0.0
0.0,0.0
0.0,0.0
0.0,0.0
0.0,0.0
0.0,0.0
0.0,0.0
0.0,0.0
0.0,0.0
0.0,0.0
0.0,0.0
0.0,0.0
0.0,0.0
0.0,0.0
0.0,0.0
0.0,0.0
0.0,0.0
0.0,0.0
0.0,0.0
0.0,0.0
0.0,0.0
0.0,0.0
0.0,0.0
0.0,0.0
0.0,0.0
0.0,0.0
206.4216766357422,0.0
230.29510498046875,0.0
254.16851806640625,0.0
271.22088623046875,0.0
291.68377685546875,0.0
308.73626708984375,0.0
0.0,0.0
0.0,0.0
0.0,0.0
0.0,0.0
0.0,0.0
0.0,0.0
0.0,0.0
0.0,0.0
0.0,0.0
0.0,0.0
0.0,0.0
0.0,0.0
0.0,0.0
0.0,0.0
0.0,0.0
0.0,0.0
0.0,0.0
0.0,0.0
0.0,0.0
0.0,0.0
0.0,0.0
0.0,0.0
0.0,0.0
0.0,0.0
0.0,0.0
0.0,0.0
0.0,0.0
0.0,0.0
0.0,0.0
0.0,0.0
0.0,0.0
0.0,0.0
0.0,0.0
0.0,0.0
0.0,0.0
0.0,0.0
0.0,0.0
0.0,0.0
0.0,0.0
0.0,0.0
0.0,0.0
0.0,0.0
0.0,0.0
0.0,0.0
0.0,0.0
0.0,0.0
0.0,0.0
0.0,0.0
0.0,0.0
0.0,0.0
0.0,0.0
0.0,0.0
0.0,0.0
0.0,0.0
0.0,0.0
0.0,0.0
0.0,0.0
0.0,0.0
0.0,0.0
0.0,0.0
0.0,0.0
0.0,0.0
0.0,0.0
0.0,0.0
0.0,0.0
0.0,0.0
0.0,0.0
0.0,0.0
0.0,0.0
0.0,0.0
0.0,0.0
0.0,0.0
0.0,0.0
0.0,0.0
0.0,0.0
0.0,0.0
0.0,0.0
0.0,0.0
0.0,0.0
0.0,0.0
0.0,0.0
0.0,0.0
0.0,0.0
0.0,0.0
0.0,0.0
0.0,0.0
0.0,0.0
0.0,0.0
0.0,0.0
0.0,0.0
0.0,0.0
0.0,0.0
0.0,0.0
0.0,0.0
0.0,0.0
0.0,0.0
0.0,0.0
0.0,0.0
0.0,0.0
0.0,0.0
0.0,0.0
0.0,0.0
0.0,0.0
0.0,0.0
0.0,0.0
0.0,0.0
0.0,0.0
0.0,0.0
0.0,0.0
0.0,0.0
0.0,0.0
0.0,0.0
0.0,0.0
0.0,0.0
0.0,0.0
0.0,0.0
0.0,0.0
0.0,0.0
0.0,0.0
0.0,0.0
0.0,0.0
0.0,0.0
0.0,0.0
0.0,0.0
0.0,0.0
0.0,0.0
0.0,0.9571133852005005
0.0,2.796365261077881
0.0,4.656389236450195
0.0,6.490632057189941
0.0,8.300085067749023
0.0,9.9484281539917
0.0,11.53337287902832
0.0,13.103116035461426
0.0,14.566726684570312
0.0,15.974043846130371
0.0,17.327234268188477
0.0,18.58262062072754
0.0,19.789722442626953
0.0,20.996156692504883
0.0,22.156187057495117
0.0,23.271602630615234
0.0,24.344118118286133
0.0,25.46689796447754
0.0,26.454978942871094
0.0,27.31354331970215
0.0,28.139087677001953
0.0,28.9786319732666
0.0,29.785888671875
0.0,30.562095642089844
0.0,31.262693405151367
0.0,31.93634605407715
0.0,32.49257278442383
0.0,33.02740478515625
0.0,33.49591064453125
0.0,33.94639587402344
0.0,34.379554748535156
0.0,34.75029373168945
0.0,35.06101608276367
0.0,35.35979080200195
0.0,35.647071838378906
0.0,35.969058990478516
0.0,36.27866744995117
0.0,36.57636260986328
0.0,36.81685256958008
0.0,37.09385299682617
0.0,37.36019515991211
0.0,37.616294860839844
0.0,37.862545013427734
0.0,38.099327087402344
0.0,38.2812385559082
0.0,38.45615768432617
0.0,38.62434768676758
0.0,38.74031448364258
0.0,38.85182189941406
0.0,38.95903778076172
0.0,39.0621337890625
0.0,39.16126251220703
0.0,39.165061950683594
0.0,39.1687126159668
0.0,39.080711364746094
0.0,38.90457534790039
0.0,38.48262023925781
0.0,38.23797607421875
0.0,38.00273895263672
0.0,37.73079299926758
0.0,37.42354965209961
0.0,37.12812423706055
0.0,36.93557357788086
0.0,36.65891647338867
0.0,36.34714126586914
0.0,36.00159454345703
0.0,35.7150993347168
0.0,35.348114013671875
0.0,34.9952392578125
0.0,34.65593719482422
0.0,34.28392791748047
0.0,33.880470275878906
0.0,33.53828430175781
0.0,33.20926284790039
0.0,32.89289474487305
0.0,32.02516174316406
0.0,31.571304321289062
0.0,31.089147567749023
0.0,30.579776763916016
0.0,30.044239044189453
0.0,29.529298782348633
0.0,28.988405227661133
0.0,28.46831512451172
0.0,27.92247200012207
0.0,27.397621154785156
0.0,26.847200393676758
0.0,26.2264347076416
0.0,24.965858459472656
0.0,24.463207244873047
0.0,24.02564811706543
0.0,23.110610961914062
0.0,22.6793155670166
0.0,22.310367584228516
0.0,21.955608367919922
0.0,21.6144962310791
0.0,21.24074363708496
0.0,20.83561134338379
0.0,20.446062088012695
0.0,20.071495056152344
0.0,19.09575653076172
0.0,18.63585090637207
0.0,18.239391326904297
0.0,17.858179092407227
0.0,17.6289005279541
0.0,17.40843963623047
0.0,17.19645881652832
0.0,16.946876525878906
0.0,16.706893920898438
0.0,16.430383682250977
0.0,16.118749618530273
0.0,15.819101333618164
0.0,15.576736450195312
0.0,15.160659790039062
0.0,14.623315811157227
0.0,13.340564727783203
0.0,12.598678588867188
0.0,11.931085586547852
0.0,11.380681037902832
0.0,10.851446151733398
0.0,10.20529556274414
0.0,9.492480278015137
0.0,8.761322975158691
0.0,8.058286666870117
0.0,7.3365325927734375
0.0,6.5967841148376465
0.0,5.839728832244873
0.0,5.203303813934326
0.0,4.59135627746582
0.0,3.393171548843384
0.0,2.8966031074523926
0.0,2.419133186340332
0.0,2.0057859420776367
0.0,1.654094934463501
0.0,1.4074468612670898
0.0,1.2115072011947632
0.0,1.211622953414917
0.0,1.3480510711669922
0.0,1.524990200996399
0.0,1.7866404056549072
0.0,2.1754980087280273
0.0,2.640915870666504
0.0,3.1341912746429443
0.0,3.6542530059814453
0.0,4.200070381164551
0.0,4.770653247833252
0.0,5.410802841186523
0.0,6.1636061668396
0.0,7.024726390838623
0.0,7.9900007247924805
0.0,9.055420875549316
0.0,10.12562084197998
0.0,11.200417518615723
0.0,12.325392723083496
0.0,14.538714408874512
0.0,15.672563552856445
0.0,16.854320526123047
0.0,18.082141876220703
0.0,19.354251861572266
0.0,20.623191833496094
0.0,21.843326568603516
0.0,23.062292098999023
0.0,24.234373092651367
0.0,25.361373901367188
0.0,26.399272918701172
0.0,27.397249221801758
0.0,28.311086654663086
0.0,29.189775466918945
0.0,30.03466796875
0.0,30.847064971923828
0.0,31.673973083496094
0.0,32.469078063964844
0.0,33.279361724853516
0.0,34.05847930908203
0.0,34.761871337890625
0.0,35.483970642089844
0.0,36.22405242919922
0.0,36.935672760009766
0.0,37.7114372253418
0.0,39.22035598754883
0.0,39.954002380371094
0.0,40.613677978515625
0.0,41.20222473144531
0.0,41.722373962402344
0.0,42.26827621459961
0.0,42.793182373046875
0.0,43.29790115356445
0.0,43.874717712402344
0.0,44.4751091003418
0.0,44.96089553833008
0.0,45.336483001708984
0.0,45.6976203918457
0.0,45.999114990234375
0.0,46.24325180053711
0.0,46.43224334716797
0.0,46.65972137451172
0.0,46.87845230102539
0.0,47.04301071166992
0.0,47.1097297668457
0.0,47.17387771606445
0.0,47.18980407714844
0.0,47.11360168457031
0.0,46.90305709838867
0.0,46.65485382080078
0.0,46.37044143676758
0.0,46.00544738769531
0.0,45.608734130859375
0.0,45.27303695678711
0.0,44.90449523925781
0.0,44.55012512207031
0.0,44.16362762451172
0.0,43.791996002197266
0.0,43.48041534423828
0.0,43.18082046508789
0.0,42.846988677978516
0.0,42.43448257446289
0.0,41.900569915771484
0.0,41.295677185058594
0.0,40.622535705566406
0.0,39.79225540161133
0.0,38.856632232666016
0.0,37.77396774291992
0.0,36.59566879272461
0.0,35.325416564941406
0.0,33.920989990234375
0.0,32.479061126708984
0.0,31.046836853027344
0.0,29.53242301940918
0.0,27.89322853088379
0.0,26.225563049316406
0.0,24.57628059387207
0.0,22.853160858154297
0.0,21.150556564331055
0.0,19.421920776367188
0.0,17.668254852294922
0.0,15.982036590576172
0.0,14.360673904418945
0.0,12.755916595458984
0.0,11.12136459350586
0.0,9.54967975616455
0.0,8.08420181274414
0.0,6.7208476066589355
0.0,5.455684185028076
0.0,4.284939289093018
0.0,3.2049808502197266
0.0,2.2580759525299072
0.0,1.4848612546920776
0.0,0.8786603212356567
0.0,0.38729122281074524
0.0,0.05209171772003174
0.0,0.0
0.0,0.0
0.0,0.0
0.0,0.06478133797645569
0.0,0.33683520555496216
0.0,0.7357001900672913
0.0,1.3480113744735718
0.0,2.1198012828826904
0.0,3.1364521980285645
0.0,4.3427886962890625
0.0,5.685760021209717
0.0,7.1601080894470215
0.0,8.715024948120117
0.0,10.301650047302246
0.0,11.918767929077148
0.0,13.565204620361328
0.0,15.23983383178711
0.0,16.850053787231445
0.0,18.39834213256836
0.0,19.887081146240234
0.0,21.272802352905273
0.0,22.51371192932129
0.0,23.661134719848633
0.0,24.718666076660156
0.0,26.577762603759766
0.0,27.340089797973633
0.0,28.02733612060547
0.0,28.68815040588379
0.0,29.369308471679688
0.0,29.932750701904297
0.0,30.861705780029297
0.0,31.41350555419922
0.0,31.944082260131836
0.0,32.40849685668945
0.0,32.809288024902344
0.0,33.194664001464844
0.0,33.61097717285156
0.0,34.057037353515625
0.0,34.531700134277344
0.0,35.079620361328125
0.0,35.606468200683594
0.0,36.11305236816406
0.0,36.60015106201172
0.0,37.11427307128906
0.0,37.608619689941406
0.0,38.12971115112305
0.0,38.58500289916992
0.0,38.977027893066406
0.0,39.353973388671875
0.0,39.71642303466797
0.0,40.06493377685547
0.0,40.30852127075195
0.0,40.45122528076172
0.0,40.496925354003906
0.0,40.540870666503906
0.0,40.44585037231445
0.0,40.35448455810547
0.0,40.17511749267578
0.0,39.9111328125
0.0,39.65730667114258
0.0,39.36748123168945
0.0,39.13456344604492
0.0,38.91060256958008
0.0,38.603736877441406
0.0,38.308677673339844
0.0,37.75216293334961
0.0,37.4898567199707
0.0,37.05460739135742
0.0,36.54458236694336
0.0,35.87114715576172
0.0,35.04057693481445
0.0,34.10468292236328
0.0,33.06751251220703
0.0,31.932958602905273
0.0,30.70476722717285
0.0,29.386539459228516
0.0,28.027502059936523
0.0,26.67497444152832
0.0,25.19144058227539
0.0,23.627689361572266
0.0,22.03256607055664
0.0,20.40728187561035
0.0,18.798749923706055
0.0,17.114810943603516
0.0,15.449878692626953
0.0,13.803229331970215
0.0,12.128396034240723
0.0,10.472220420837402
0.0,8.742473602294922
0.0,7.033497333526611
0.0,5.3444929122924805
0.0,3.7662079334259033
0.0,2.248626470565796
0.0,0.789413571357727
0.0,0.0
0.0,0.0
0.0,0.0
0.0,0.0
0.0,0.0
0.0,0.0
0.0,0.0
0.0,0.0
0.0,0.0
0.0,0.0
0.0,0.0
0.0,0.0
0.0,0.0
0.0,0.0
0.0,0.0
0.0,0.0
0.0,0.0
0.0,0.0
0.0,0.8383147716522217
0.0,2.0872867107391357
0.0,3.3797338008880615
0.0,4.759746074676514
0.0,6.223951816558838
0.0,7.723358154296875
0.0,9.210853576660156
0.0,10.686895370483398
0.0,12.19767951965332
0.0,13.741872787475586
0.0,15.272432327270508
0.0,18.20496940612793
0.0,19.65538787841797
0.0,21.004262924194336
0.0,23.594125747680664
0.0,24.883028030395508
0.0,26.076597213745117
0.0,27.178503036499023
0.0,28.238027572631836
0.0,29.30255889892578
0.0,30.28038787841797
0.0,31.266366958618164
0.0,32.12290573120117
0.0,32.99226379394531
0.0,33.828182220458984
0.0,34.6319465637207
0.0,35.35904312133789
0.0,36.10393142700195
0.0,36.774410247802734
0.0,37.46486282348633
0.0,38.08300018310547
0.0,38.585845947265625
0.0,39.06935119628906
0.0,39.39698791503906
0.0,39.66626739501953
0.0,39.87942886352539
0.0,39.99287796020508
0.0,40.1934814453125
0.0,40.340606689453125
0.0,40.482078552246094
0.0,40.4808349609375
0.0,40.57115173339844
0.0,40.70375442504883
0.0,40.739742279052734
0.0,40.72859191894531
0.0,40.71786880493164
0.0,40.66179656982422
0.0,40.60788345336914
0.0,40.55604553222656
0.0,40.46044158935547
0.0,40.32275390625
0.0,40.14460754394531
0.0,39.97331237792969
0.0,39.76284408569336
0.0,39.51472091674805
0.0,39.27613830566406
0.0,39.000972747802734
0.0,38.599117279052734
0.0,38.25847625732422
0.0,37.52623748779297
0.0,37.18110275268555
0.0,36.80348587036133
0.0,36.39463424682617
0.0,35.955753326416016
0.0,35.35071563720703
0.0,34.67744064331055
0.0,34.03005599975586
0.0,33.31605911254883
0.0,32.492244720458984
0.0,31.562847137451172
0.0,30.577678680419922
0.0,29.447372436523438
0.0,28.269023895263672
0.0,26.99872398376465
0.0,25.685766220092773
0.0,24.331790924072266
0.0,22.938377380371094
0.0,21.507041931152344
0.0,19.99348258972168
0.0,18.3551082611084
0.0,16.688230514526367
0.0,13.319079399108887
0.0,11.708625793457031
0.0,10.160112380981445
0.0,8.625398635864258
0.0,7.195470333099365
0.0,4.498490810394287
0.0,3.227290153503418
0.0,1.9592235088348389
0.0,0.7856869697570801
0.0,0.0
0.0,0.0
0.0,0.0
0.0,0.0
0.0,0.0
0.0,0.0
0.0,0.0
0.0,0.0
0.0,0.0
0.0,0.0
0.0,0.0
0.0,0.0
0.0,0.0
0.0,0.0
0.0,0.0
0.0,0.0
0.0,0.0
0.0,0.0
0.0,0.0
0.0,0.0
0.0,0.0
0.0,0.0
0.0,0.0
0.0,0.0
0.0,0.716352641582489
0.0,1.7412241697311401
0.0,2.7724359035491943
0.0,3.9012603759765625
0.0,5.07818078994751
0.0,6.255593776702881
0.0,7.4792375564575195
0.0,8.701576232910156
0.0,9.922660827636719
0.0,11.096780776977539
0.0,12.271499633789062
0.0,14.487131118774414
0.0,15.531452178955078
0.0,16.489849090576172
0.0,17.365625381469727
0.0,18.207719802856445
0.0,19.154695510864258
0.0,19.927978515625
0.0,20.58000373840332
0.0,21.161191940307617
0.0,21.720027923583984
0.0,22.257368087768555
0.0,23.270845413208008
0.0,23.7485408782959
0.0,24.207862854003906
0.0,24.649518966674805
0.0,25.074188232421875
0.0,25.52828025817871
0.0,25.96491050720215
0.0,26.293228149414062
0.0,26.56316566467285
0.0,26.68544578552246
0.0,26.75726318359375
0.0,26.87207794189453
0.0,26.936717987060547
0.0,26.861602783203125
0.0,26.78937530517578
0.0,26.628408432006836
0.0,26.382118225097656
0.0,25.827838897705078
0.0,25.52082633972168
0.0,25.17986297607422
0.0,24.760498046875
0.0,24.265745162963867
0.0,23.7442684173584
0.0,23.28860092163086
0.0,22.94197654724121
0.0,22.608684539794922
0.0,22.105180740356445
0.0,21.621044158935547
0.0,20.213382720947266
0.0,19.5274600982666
0.0,18.822162628173828
0.0,18.098234176635742
0.0,17.310630798339844
0.0,16.5075626373291
0.0,15.735382080078125
0.0,14.809871673583984
0.0,13.82844066619873
0.0,12.884757041931152
0.0,11.794341087341309
0.0,10.700104713439941
0.0,9.647954940795898
0.0,8.590514183044434
0.0,7.57374382019043
0.0,6.550322532653809
0.0,5.520508766174316
0.0,4.530303478240967
0.0,3.5781826972961426
0.0,2.6169238090515137
0.0,1.5096036195755005
0.0,0.3991183638572693
0.0,0.0
0.0,0.0
0.0,0.0
0.0,0.0
0.0,0.0
0.0,0.0
0.0,0.0
0.0,0.0
0.0,0.0
0.0,0.0
0.0,0.0
0.0,0.0
0.0,0.0
0.0,0.0
0.0,0.0
0.0,0.0
0.0,0.0
0.0,0.0
0.0,0.0
0.0,0.0
0.0,0.0
0.0,0.0
0.0,0.0
0.0,0.0
0.0,0.0
0.0,0.0
0.0,0.0
0.0,0.0
0.0,0.0
0.0,0.0
0.0,0.0
0.0,0.0
0.0,1.2026134729385376
0.0,2.4375739097595215
0.0,3.716548442840576
0.0,5.083606243133545
0.0,6.4896016120910645
0.0,7.933032512664795
0.0,9.412463188171387
0.0,10.88075065612793
0.0,12.292566299438477
0.0,13.695838928222656
0.0,15.09089469909668
0.0,16.478052139282227
0.0,17.857614517211914
0.0,19.229877471923828
0.0,20.595117568969727
0.0,21.9536075592041
0.0,23.214088439941406
0.0,24.426090240478516
0.0,25.637235641479492
0.0,26.893308639526367
0.0,28.192588806152344
0.0,29.441898345947266
184.16587829589844,30.78042984008789
0.0,32.02172088623047
0.0,33.16951370239258
0.0,34.31892013549805
0.0,35.42411422729492
0.0,36.4868049621582
0.0,37.50862121582031
0.0,38.49113464355469
0.0,39.43586349487305
0.0,40.34425354003906
0.0,41.126190185546875
0.0,41.78653335571289
0.0,42.375728607177734
0.0,42.9422607421875
0.0,44.01079177856445
0.0,44.51443862915039
0.0,45.374603271484375
0.0,45.734275817871094
0.0,46.125877380371094
0.0,46.50241470336914
0.0,47.0474967956543
0.0,47.571617126464844
0.0,48.07557678222656
184.16580200195312,48.93634033203125
187.57603454589844,49.52508544921875
0.0,50.04542922973633
0.0,50.54576110839844
0.0,50.9810905456543
0.0,51.35391616821289
0.0,51.75816345214844
0.0,52.19261932373047
0.0,52.6103630065918
0.0,52.966285705566406
0.0,53.262760162353516
0.0,53.593589782714844
0.0,53.865936279296875
0.0,54.08205032348633
0.0,54.28984832763672
0.0,54.48965835571289
0.0,54.59027099609375
0.0,54.64125442504883
0.0,54.6445198059082
0.0,54.601898193359375
0.0,54.56092071533203
0.0,54.43000030517578
0.0,54.21260070800781
0.0,53.95780563354492
0.0,53.66705322265625
0.0,53.43324279785156
0.0,53.116905212402344
0.0,52.7669792175293
0.0,52.3847541809082
0.0,51.971473693847656
0.0,51.57408905029297
0.0,51.14623260498047
0.0,50.73482894897461
0.0,50.33924865722656
0.0,50.004642486572266
0.0,49.68290710449219
0.0,49.32778549194336
0.0,49.032081604003906
0.0,48.79350280761719
0.0,48.56410217285156
0.0,48.34352493286133
0.0,48.08567810058594
0.0,47.791988372802734
0.0,47.50959777832031
0.0,47.23806381225586
0.0,46.931217193603516
0.0,46.636173248291016
0.0,46.35247802734375
0.0,46.033931732177734
0.0,45.63612365722656
0.0,45.20785903930664
0.0,44.79606246948242
0.0,44.35435104370117
0.0,43.883872985839844
0.0,43.47724533081055
0.0,42.71030807495117
0.0,42.348819732666016
0.0,41.955474853515625
0.0,41.5772590637207
0.0,41.16783142089844
0.0,40.77415466308594
0.0,40.349857330322266
0.0,39.94187927246094
0.0,39.50383377075195
0.0,39.082637786865234
0.0,38.7234001159668
0.0,38.37797927856445
0.0,38.045841217041016
0.0,37.772239685058594
0.0,37.55491638183594
0.0,37.3917121887207
0.0,37.18902587890625
0.0,36.9483757019043
0.0,36.716983795166016
0.0,36.49449157714844
0.0,36.280555725097656
0.0,36.07484817504883
0.0,35.92280960083008
0.0,35.8223762512207
0.0,35.77156448364258
0.0,35.72270202636719
0.0,35.629966735839844
0.0,35.54079818725586
0.0,35.546573638916016
0.0,35.59788131713867
0.0,35.60145950317383
0.0,35.60490036010742
0.0,35.60820770263672
0.0,35.61138916015625
0.0,35.66020584106445
0.0,35.75290298461914
0.0,35.842037200927734
0.0,35.83622360229492
0.0,35.78487777709961
0.0,35.7812614440918
0.0,35.77778625488281
0.0,35.72868728637695
0.0,35.589962005615234
0.0,35.41081619262695
0.0,35.23855972290039
0.0,35.07292938232422
0.0,34.86791229248047
0.0,34.6707763671875
0.0,34.43546676635742
0.0,34.1634521484375
0.0,33.85614013671875
0.0,33.514892578125
0.0,33.14101028442383
0.0,32.73575210571289
0.0,32.30031967163086
0.0,31.973154067993164
0.0,31.6585693359375
0.0,31.065235137939453
0.0,30.831329345703125
0.0,30.390161514282227
0.0,30.182220458984375
0.0,29.982276916503906
0.0,29.790023803710938
0.0,29.650922775268555
0.0,29.51717185974121
0.0,29.342805862426758
0.0,29.175148010253906
0.0,29.105451583862305
0.0,29.063751220703125
0.0,28.95258331298828
0.0,28.79993438720703
0.0,28.69891357421875
0.0,28.556020736694336
0.0,28.418622970581055
0.0,28.33226776123047
0.0,28.249235153198242
0.0,28.169395446777344
0.0,28.092626571655273
0.0,28.018810272216797
0.0,27.993587493896484
0.0,27.96933364868164
0.0,27.90026092529297
0.0,27.788084030151367
0.0,27.77173614501953
0.0,27.801773071289062
0.0,27.78489875793457
0.0,27.63140106201172
0.0,27.483808517456055
0.0,27.296133041381836
0.0,27.115676879882812
0.0,26.89640235900879
0.0,26.685562133789062
0.0,26.482830047607422
0.0,26.28789520263672
0.0,26.100460052490234
0.0,25.92023277282715
0.0,25.746936798095703
0.0,25.580307006835938
0.0,25.401540756225586
0.0,25.190502166748047
0.0,25.045272827148438
0.0,24.905630111694336
0.0,24.817115783691406
0.0,24.732006072998047
0.0,24.604412078857422
0.0,24.43596649169922
0.0,24.18248748779297
0.0,23.89299964904785
0.0,23.346996307373047
0.0,22.998126983642578
0.0,22.616914749145508
0.0,22.2503662109375
0.0,21.943674087524414
0.0,21.64877700805664
0.0,21.365222930908203
0.0,21.092575073242188
0.0,20.830413818359375
0.0,20.57833480834961
0.0,20.33595085144043
0.0,20.102890014648438
0.0,19.83303451538086
0.0,19.573558807373047
0.0,19.32406234741211
0.0,19.08416175842285
0.0,18.853487014770508
0.0,18.677444458007812
0.0,18.5081729888916
0.0,18.345409393310547
0.0,18.143150329589844
0.0,17.902912139892578
0.0,17.671913146972656
0.0,17.404043197631836
0.0,17.054960250854492
0.0,16.627788543701172
0.0,16.171287536621094
0.0,15.778100967407227
0.0,15.445796966552734
0.0,15.126273155212402
0.0,14.864797592163086
0.0,14.659135818481445
0.0,14.507143020629883
0.0,14.315237998962402
0.0,14.130714416503906
0.0,13.953287124633789
0.0,13.736926078796387
0.0,13.48312759399414
0.0,13.284850120544434
0.0,13.094197273254395
0.0,12.91087818145752
0.0,12.70063591003418
0.0,12.578211784362793
0.0,12.323221206665039
0.0,12.123796463012695
0.0,11.932042121887207
0.0,11.747663497924805
0.0,11.524617195129395
0.0,11.264391899108887
0.0,10.96842098236084
0.0,10.72958755493164
0.0,10.454185485839844
0.0,10.143617630004883
0.0,9.799237251281738
0.0,9.422343254089355
0.0,9.059945106506348
0.0,8.665727615356445
0.0,8.286672592163086
0.0,7.967954158782959
0.0,7.661494255065918
0.0,7.366821765899658
0.0,7.083482265472412
0.0,6.765282154083252
0.0,6.459321022033691
0.0,6.119369029998779
0.0,5.746734142303467
0.0,5.388431072235107
0.0,4.998154640197754
0.0,4.5771307945251465
0.0,4.126542091369629
0.0,3.6475250720977783
0.0,3.1411736011505127
0.0,2.7000555992126465
0.0,2.321661949157715
0.0,2.00357985496521
0.0,1.6977319717407227
0.0,1.3578890562057495
0.0,0.9853588938713074
0.0,0.672914981842041
0.0,0.41824641823768616
0.0,0.21913102269172668
0.0,0.0734282061457634
0.0,0.07060404121875763
0.0,0.20516319572925568
0.0,0.3345470130443573
0.0,0.3216798007488251
0.0,0.3093075156211853
0.0,0.34316930174827576
0.0,0.3757287263870239
0.0,0.40703582763671875
0.0,0.4371388554573059
0.0,0.5576004981994629
0.0,0.673429012298584
0.0,0.8305569291114807
0.0,1.0731579065322876
0.0,1.397944450378418
0.0,1.8017518520355225
0.0,2.2357864379882812
0.0,2.7446436882019043
0.0,3.325446128845215
0.0,3.9754226207733154
0.0,4.600399971008301
0.0,5.2013397216796875
0.0,5.779166221618652
0.0,6.334768772125244
0.0,6.869001865386963
0.0,7.382687568664551
0.0,7.922374725341797
0.0,8.441304206848145
0.0,8.894516944885254
0.0,9.284543991088867
0.0,9.65956974029541
0.0,10.020172119140625
0.0,10.366904258728027
0.0,10.654542922973633
0.0,10.976877212524414
0.0,11.58482837677002
0.0,12.008652687072754
0.0,12.553451538085938
0.0,13.168807983398438
0.0,13.85201358795166
0.0,14.600459098815918
0.0,15.36587142944336
0.0,16.14760398864746
0.0,16.94502830505371
0.0,17.757539749145508
0.0,18.447284698486328
0.0,19.01898765563965
0.0,19.522945404052734
0.0,19.961761474609375
0.0,20.383699417114258
0.0,20.835166931152344
0.0,21.086238861083984
0.0,21.236141204833984
0.0,21.334518432617188
0.0,21.474870681762695
0.0,21.65558433532715
0.0,22.221689224243164
0.0,22.55670738220215
0.0,22.924598693847656
0.0,23.278339385986328
0.0,23.61847496032715
0.0,23.899770736694336
0.0,24.216005325317383
0.0,24.56583595275879
0.0,24.902210235595703
0.0,25.22564697265625
0.0,25.490886688232422
0.0,25.700166702270508
0.0,25.947154998779297
0.0,26.138885498046875
0.0,26.3232421875
0.0,26.546266555786133
0.0,26.760713577270508
0.0,26.96691131591797
0.0,27.07366180419922
0.0,27.08479118347168
0.0,27.04973793029785
0.0,26.924516677856445
0.0,26.80411148071289
0.0,26.734094619750977
0.0,26.666770935058594
0.0,26.556278228759766
0.0,26.49579429626465
0.0,26.391878128051758
0.0,26.200443267822266
0.0,25.970611572265625
0.0,25.65810775756836
0.0,25.220348358154297
0.0,24.7536678314209
0.0,24.259178161621094
0.0,23.737953186035156
0.0,23.191017150878906
0.0,22.665115356445312
0.0,22.113683700561523
0.0,21.629220962524414
0.0,21.20914649963379
0.0,20.66795539855957
0.0,20.101821899414062
0.0,19.46595001220703
0.0,18.717260360717773
0.0,17.905847549438477
0.0,17.07988739013672
0.0,15.386539459228516
0.0,14.565961837768555
0.0,13.776945114135742
0.0,12.881001472473145
0.0,11.928003311157227
0.0,11.011659622192383
0.0,10.22207260131836
0.0,9.554369926452637
0.0,8.912348747253418
0.0,8.432291984558105
0.0,7.97069787979126
0.0,7.572616100311279
0.0,7.144087314605713
0.0,6.732039928436279
0.0,6.335840702056885
0.0,5.9548797607421875
0.0,5.542816638946533
0.0,5.055086135864258
0.0,4.540356159210205
0.0,3.569526433944702
0.0,3.0661749839782715
0.0,2.490670680999756
0.0,1.9373011589050293
0.0,1.4052151441574097
0.0,0.9851064682006836
0.0,0.5353975892066956
0.0,0.1029852107167244
0.0,0.0
0.0,0.0
0.0,0.0
0.0,0.0
0.0,0.0
0.0,0.0
0.0,0.0
0.0,0.0
0.0,0.0
0.0,0.0
0.0,0.0
0.0,0.0
0.0,0.0
0.0,0.0
0.0,0.0
0.0,0.0
0.0,0.0
0.0,0.0
0.0,0.0
0.0,0.0
0.0,0.0
0.0,0.0
0.0,0.0
0.0,0.0
0.0,0.0
0.0,0.0
0.0,0.0
0.0,0.0
0.0,0.0
0.0,0.0
0.0,0.0
0.0,0.0
0.0,0.0
0.0,0.0
0.0,0.0
0.0,0.0
0.0,0.0
0.0,0.0
0.0,0.0
0.0,0.0
0.0,0.0
0.0,0.0
0.0,0.0
0.0,0.0
0.0,0.0
0.0,0.0
0.0,0.0
0.0,0.0
0.0,0.0
0.0,0.0
0.0,0.0
0.0,0.0
0.0,0.0
0.0,0.0
0.0,0.0
0.0,0.0
0.0,0.0
0.0,0.0
0.0,0.0
0.0,0.0
0.0,0.0
0.0,0.0
0.0,0.0
0.0,0.0
0.0,0.0
0.0,0.0
0.0,0.0
0.0,0.0
0.0,0.0
0.0,0.0
0.0,0.0
0.0,0.0
0.0,0.0
0.0,0.0
0.0,0.0
0.0,0.0
0.0,0.0
0.0,0.0
0.0,0.0
0.0,0.0
0.0,0.0
0.0,0.0
0.0,0.0
0.0,0.0
0.0,0.0
0.0,0.0
0.0,0.0
0.0,0.0
0.0,0.0
0.0,0.0
0.0,0.0
0.0,0.0
0.0,0.0
0.0,0.0
0.0,0.0
0.0,0.0
0.0,0.0
0.0,0.0
0.0,0.0
0.0,0.0
0.0,0.0
0.0,0.0
0.0,0.0
0.0,0.0
0.0,0.0
0.0,0.0
0.0,0.0
0.0,0.0
0.0,0.0
0.0,0.0
0.0,0.0
0.0,0.0
0.0,0.0
0.0,0.0
0.0,0.0
0.0,0.0
0.0,0.0
0.0,0.0
0.0,0.0
0.0,0.0
0.0,0.0
0.0,0.0
0.0,0.0
0.0,0.0
0.0,0.0
0.0,0.0
0.0,0.0
0.0,0.0
0.0,0.0
0.0,0.0
0.0,0.0
0.0,0.0
0.0,0.0
0.0,0.08964196592569351
0.0,1.321650743484497
0.0,2.506274700164795
0.0,3.691094160079956
0.0,4.830343723297119
0.0,5.8800177574157715
0.0,6.935078144073486
0.0,7.949559211730957
0.0,8.92502212524414
0.0,9.817208290100098
0.0,10.629321098327637
0.0,11.181412696838379
0.0,12.312464714050293
0.0,12.937090873718262
0.0,13.583450317382812
0.0,14.204950332641602
0.0,14.665274620056152
0.0,15.016378402709961
0.0,15.308220863342285
0.0,15.497321128845215
0.0,15.633394241333008
0.0,15.672717094421387
0.0,15.664769172668457
0.0,15.611369132995605
0.0,15.514264106750488
0.0,15.466652870178223
0.0,15.32935619354248
0.0,15.151585578918457
0.0,15.026407241821289
0.0,14.860288619995117
0.0,14.654800415039062
0.0,14.457216262817383
0.0,14.175715446472168
0.0,13.905040740966797
0.0,13.415989875793457
0.0,12.808473587036133
0.0,12.132811546325684
0.0,11.437376976013184
0.0,10.67717456817627
0.0,9.90045166015625
0.0,9.107845306396484
0.0,8.299968719482422
0.0,7.431648254394531
0.0,6.413691997528076
0.0,5.343375205993652
0.0,4.222707748413086
0.0,3.0993850231170654
0.0,1.8819959163665771
0.0,0.6199131608009338
0.0,0.0
0.0,0.0
0.0,0.0
0.0,0.0
0.0,0.0
0.0,0.0
0.0,0.0
0.0,0.0
0.0,0.0
0.0,0.0
0.0,0.0
0.0,0.0
0.0,0.0
0.0,0.0
0.0,0.0
0.0,0.0
0.0,0.0
0.0,0.0
0.0,0.0
0.0,0.0
0.0,0.0
0.0,0.0
0.0,0.0
0.0,0.0
0.0,0.0
0.0,0.0
0.0,0.0
0.0,0.0
0.0,0.0
0.0,0.0
0.0,0.0
0.0,0.0
0.0,0.0
0.0,0.0
0.0,0.0
0.0,0.0
0.0,0.0
0.0,0.9143298864364624
0.0,2.0231034755706787
0.0,3.0892319679260254
0.0,4.068597316741943
0.0,5.0560526847839355
0.0,6.005529403686523
0.0,6.918487548828125
0.0,7.750573635101318
0.0,8.55065631866455
0.0,9.878419876098633
0.0,10.367875099182129
0.0,10.838504791259766
0.0,11.3367919921875
0.0,11.81591510772705
0.0,12.276609420776367
0.0,12.673826217651367
0.0,13.010007858276367
0.0,13.287501335144043
0.0,13.554322242736816
0.0,13.765125274658203
0.0,13.922063827514648
0.0,13.98144817352295
0.0,14.038549423217773
0.0,14.001937866210938
0.0,13.920976638793945
0.0,13.797374725341797
0.0,13.72428035736084
0.0,13.653998374938965
0.0,13.540664672851562
0.0,13.431690216064453
0.0,13.281148910522461
0.0,13.136397361755371
0.0,12.905696868896484
0.0,12.592352867126465
0.0,12.19954776763916
0.0,11.776092529296875
0.0,11.2774076461792
0.0,10.70638656616211
0.0,10.065814971923828
0.0,9.358365058898926
0.0,8.586607933044434
0.0,7.798779010772705
0.0,6.949735164642334
0.0,6.041830062866211
0.0,5.077328205108643
0.0,4.058409690856934
0.0,2.987164258956909
0.0,1.9113622903823853
0.0,0.8311790227890015
0.0,0.0
0.0,0.0
0.0,0.0
0.0,0.0
0.0,0.0
0.0,0.0
0.0,0.0
0.0,0.0
0.0,0.0
0.0,0.0
0.0,0.0
0.0,0.0
0.0,0.0
0.0,0.0
0.0,0.0
0.0,0.0
0.0,0.0
0.0,0.0
0.0,0.0
0.0,0.0
0.0,0.0
0.0,0.0
0.0,0.0
0.0,0.0
0.0,0.0
0.0,0.0
0.0,0.0
0.0,0.0
0.0,0.0
0.0,0.0
0.0,0.0
0.0,0.0
0.0,0.0
0.0,0.0
0.0,0.0
0.0,0.0
0.0,0.0
0.0,0.0
0.0,0.0
0.0,0.0
0.0,0.0
0.0,0.0
0.0,0.34832754731178284
0.0,1.4788703918457031
0.0,2.6116890907287598
0.0,3.7466959953308105
0.0,4.883807182312012
0.0,6.068695545196533
0.0,8.483020782470703
0.0,9.620994567871094
0.0,10.715200424194336
0.0,11.76732063293457
0.0,12.778975486755371
0.0,13.751720428466797
0.0,14.732810020446777
0.0,15.676165580749512
0.0,16.58323860168457
0.0,17.45542335510254
0.0,18.294063568115234
0.0,19.054689407348633
0.0,19.786060333251953
0.0,20.489301681518555
0.0,21.11973762512207
0.0,21.72592544555664
0.0,22.400314331054688
0.0,23.140281677246094
0.0,23.897544860839844
0.0,24.71719741821289
0.0,25.59684181213379
0.0,26.44265365600586
0.0,27.164417266845703
0.0,27.766904830932617
0.0,28.346220016479492
0.0,28.857498168945312
0.0,29.303356170654297
0.0,29.73206329345703
0.0,30.09852409362793
386.4859619140625,126.01245880126953
383.075439453125,126.35127258300781
383.075439453125,126.63129425048828
386.4859313964844,126.90055084228516
389.89642333984375,127.20520782470703
386.4859313964844,127.54390716552734
383.075439453125,127.82381439208984
372.8439636230469,128.04721069335938
355.79180908203125,128.12472534179688
355.79180908203125,127.9704818725586
325.0979919433594,127.59337615966797
311.4560241699219,127.0477523803711
297.8143310546875,126.34008026123047
294.40386962890625,125.47659301757812
294.40386962890625,124.6005630493164
287.5828857421875,123.66670227050781
280.7621765136719,122.67725372314453
253.4785614013672,121.5428237915039
246.65757751464844,120.26900482177734
236.42640686035156,118.95265197753906
236.42640686035156,117.54966735839844
222.78443908691406,116.0176010131836
215.9637451171875,114.45295715332031
188.6801300048828,112.76544952392578
0.0,110.95982360839844
0.0,109.08636474609375
0.0,107.1934585571289
0.0,105.19031524658203
0.0,103.03543090820312
0.0,100.7803955078125
497.1041259765625,98.42906188964844
483.46246337890625,229.74908447265625
469.8207702636719,227.2161407470703
456.1788024902344,224.59756469726562
439.1266784667969,221.85092163085938
422.07452392578125,218.9811248779297
411.8430480957031,216.08444213867188
401.6118469238281,213.16189575195312
387.96990966796875,210.16871643066406
374.3282470703125,207.10763549804688
360.68658447265625,203.98126220703125
347.04461669921875,200.79209899902344
309.5298156738281,194.0537109375
295.88787841796875,190.5600128173828
282.2462158203125,187.0176544189453
268.60455322265625,183.4285125732422
251.55238342285156,179.74862670898438
234.4999542236328,175.98147583007812
217.4477996826172,172.1304473876953
196.98516845703125,168.15296936035156
0.0,160.11256408691406
0.0,155.81944274902344
0.0,151.462646484375
469.27899169921875,147.0446319580078
452.226806640625,269.67657470703125
431.7641906738281,265.09735107421875
418.1225280761719,260.5111999511719
407.89105224609375,255.9641876220703
397.6597595214844,251.45477294921875
387.4284362792969,246.98153686523438
380.6074523925781,242.5888214111328
366.9657897949219,238.18203735351562
353.323974609375,233.76170349121094
336.2718200683594,229.28260803222656
319.2195129394531,224.74697875976562
302.1673889160156,220.1570281982422
285.1150817871094,215.5148162841797
251.0106658935547,206.12559509277344
230.5480194091797,201.2909393310547
210.08538818359375,196.36767578125
189.6227569580078,191.35922241210938
0.0,186.26885986328125
0.0,181.14549255371094
0.0,176.03614807128906
0.0,170.84877014160156
0.0,165.63211059570312
0.0,160.38731384277344
0.0,155.1612091064453
0.0,149.99884033203125
0.0,144.89773559570312
0.0,139.76405334472656
0.0,134.64479064941406
0.0,129.5393829345703
0.0,124.4930648803711
0.0,119.54932403564453
0.0,114.65845489501953
0.0,109.81842041015625
309.53497314453125,105.07302856445312
302.7139892578125,221.95858764648438
295.8931579589844,217.39169311523438
289.07232666015625,208.5985870361328
289.07232666015625,204.4540252685547
285.66180419921875,200.42311096191406
285.66180419921875,196.5472412109375
278.84100341796875,192.72891235351562
272.02001953125,188.9659423828125
268.6095275878906,185.3019256591797
265.1991882324219,181.73309326171875
254.96786499023438,178.16424560546875
244.73655700683594,174.5953826904297
237.91558837890625,171.072265625
231.09475708007812,167.5931396484375
227.68426513671875,164.2020721435547
224.27392578125,160.8956756591797
220.86343383789062,157.6707000732422
214.04246520996094,154.4782257080078
200.40081787109375,151.22552490234375
196.9903106689453,148.05215454101562
0.0,144.8178253173828
0.0,141.61636352539062
0.0,138.49227905273438
0.0,135.39683532714844
0.0,132.37469482421875
0.0,129.42303466796875
0.0,126.44761657714844
0.0,123.49513244628906
489.8236083984375,245.27517700195312
483.0027770996094,242.32192993164062
472.77130126953125,239.34500122070312
469.3609619140625,236.43679809570312
459.129638671875,233.50318908691406
455.71917724609375,230.6366424560547
452.30865478515625,227.8345947265625
445.4878234863281,225.04881286621094
435.25653076171875,222.23289489746094
428.4356994628906,219.4337615966797
418.2042541503906,216.6050262451172
411.3834228515625,211.09022521972656
390.9207763671875,205.5409698486328
380.6894836425781,202.74322509765625
373.86865234375,199.96157836914062
363.6371765136719,197.14964294433594
349.99554443359375,191.57504272460938
339.76422119140625,183.5083465576172
329.53289794921875,180.8716583251953
322.7119445800781,178.24485778808594
315.89111328125,175.62757873535156
305.6597900390625,172.9736785888672
298.83880615234375,170.33035278320312
288.6075134277344,167.6514129638672
278.3761901855469,164.938232421875
268.1448974609375,162.192138671875
257.91357421875,159.55165100097656
251.09275817871094,156.78395080566406
240.8614501953125,153.98541259765625
234.0404815673828,151.2030029296875
593.9955444335938,148.4818572998047
587.174560546875,272.5303039550781
580.3536987304688,269.8349304199219
570.1224365234375,267.10595703125
559.89111328125,264.3446960449219
553.0701293945312,261.59808349609375
546.249267578125,258.8656005859375
539.428466796875,256.146728515625
529.197021484375,253.39512634277344
512.1448974609375,250.52056884765625
491.6822814941406,247.48202514648438
467.8091735839844,244.24005126953125
450.75701904296875,240.89398193359375
437.115234375,237.4935760498047
416.6526184082031,233.94940185546875
396.1900329589844,230.2670135498047
372.3169250488281,226.4059295654297
355.2646484375,222.46458435058594
341.62298583984375,218.4917755126953
331.3916931152344,214.67178344726562
314.33941650390625,210.6326446533203
304.10809326171875,206.61158752441406
290.46630859375,202.56216430664062
273.4141845703125,198.43968200683594
259.77239990234375,194.29273986816406
246.1306915283203,190.1222686767578
232.48890686035156,185.9291534423828
222.25759887695312,181.7600555419922
208.61581420898438,177.56826782226562
198.38450622558594,173.4004364013672
191.56369018554688,169.30137634277344
